Id,Title,Topic,SubTopic,Content1,Content2,Content3,Content4,Content5,Content6,Content7,Content8,Content9,Content10
5wRVv8MdObRzw3eXp50R7HSTXIbgnmnx,Title 1,Topic,,Content1 bitch!,Content 2?
xUFXAB3Vu6PeI0ONtcdoiEzZ4vDycGCn,New content,topic,,More stuff to discuss,even more
4anAynajoflDWUxQGscblvu7OdIOxY6y,New content,topic,whoa there baby,More stuff to discuss,even more
Ar7RNy57z3SPkead8Fvu90eHgCT0FRko,Testing,Topic,Subtopic,Content1,Content2
EmQQhmsaS70isfEqX6TrlkjpTpO88gyr,Title,Topic,Subtopic,content1,no link stuff
sGXFGAeaRGjKPC2mjGcv0Qckl04v4c96,Title,Topic,Subtopic,COntent1,asdflkjasldfkjasdf
idOJlMwwNfHLTkVNQo,Title,Topic,Subtopic,COntent1,Content2
id-kpjyPg6HI2xS5yEz,Title,another one,subtopic,content1,content2
cont-GUhS3agkRZTdZDjq,Title,Topic,subtopic,content1,contents
cont-gKEvjuEJxxG4qeot,Squares,More stuff,asdfafd,asdflkjasldkfjaklj,alskdjflaksjdflkajf
